{
  "n_examples": 126986,
  "counts": {
    "Easierer": 671,
    "Easier": 9249,
    "Same": 105079,
    "Harder": 11450,
    "Harderer": 537
  },
  "percent": {
    "Easierer": 0.528404706030586,
    "Easier": 7.283480068668988,
    "Same": 82.7484919597436,
    "Harder": 9.016742003055453,
    "Harderer": 0.42288126250137814
  },
  "arm_balance": {
    "entropy": 0.6152606618497852,
    "std_dev": 0.3156618976046252,
    "rare_arms": [
      "Easierer",
      "Harderer"
    ],
    "balance_index": 0.3822829430675398
  },
  "user_id_parsing": {
    "success_rate": 0.0,
    "missing_count": 126986
  }
}