{
  "dr": {
    "mean": 2856.265632230592,
    "std": 54.27640833497968,
    "ci_95_lower": 2756.3419267873264,
    "ci_95_upper": 2968.794044463934
  },
  "ips": {
    "mean": 801.2182052861442,
    "std": 68.3847783056495,
    "ci_95_lower": 672.0599304992991,
    "ci_95_upper": 941.0474623621319
  },
  "snips": {
    "mean": 3066.7232188663716,
    "std": 206.21677869702194,
    "ci_95_lower": 2687.8763951560773,
    "ci_95_upper": 3489.8618461181445
  },
  "n_examples": 126986,
  "n_users": 1,
  "n_bootstrap": 1000
}